id;sync_type;sync_status;external_user_id;request_payload;response_payload;error_message;synced_at;synced_by
d0490eec-d1ea-4586-ae13-a6a1bc39960f;obscure;orchid calculating tremendously;hopeful with;../fake-data/blob/hipster.txt;../fake-data/blob/hipster.txt;../fake-data/blob/hipster.txt;2025-12-27T22:21:43;display slime
72ee2acb-3b65-407a-a4c8-f7dd15329f7d;uh-huh incidentally;puff;vengeful;../fake-data/blob/hipster.txt;../fake-data/blob/hipster.txt;../fake-data/blob/hipster.txt;2025-12-27T22:25:53;thin under facilitate
562a9631-1dab-413a-96cc-a5bd738f171c;how proliferate underneath;off institutionalize;dismal scared;../fake-data/blob/hipster.txt;../fake-data/blob/hipster.txt;../fake-data/blob/hipster.txt;2025-12-27T21:52:01;willfully aha mmm
94e68f45-9d33-4d4e-9452-e5ed474e67c0;maintainer brr;lovingly crossly;commercial greedily who;../fake-data/blob/hipster.txt;../fake-data/blob/hipster.txt;../fake-data/blob/hipster.txt;2025-12-27T10:09:17;pish ouch
1ef4955c-be7e-4f5a-8d76-b5dbfb3ee31c;opposite;mouser physically;crackle incidentally pro;../fake-data/blob/hipster.txt;../fake-data/blob/hipster.txt;../fake-data/blob/hipster.txt;2025-12-27T13:10:33;provided tough even
074788b4-0900-4215-a0fe-c3d2cfb9eb30;blah normal;wrongly;untrue out ugh;../fake-data/blob/hipster.txt;../fake-data/blob/hipster.txt;../fake-data/blob/hipster.txt;2025-12-27T20:10:27;qua likewise gee
096afb21-965b-490f-ab31-0ba4f9ba49c8;inwardly gosh reorient;solidly easily;till likewise across;../fake-data/blob/hipster.txt;../fake-data/blob/hipster.txt;../fake-data/blob/hipster.txt;2025-12-27T22:57:48;decryption whoever because
684c0d02-17ca-4ad8-a9e7-e93893b15b4b;clear never;likewise weird apud;yum outside;../fake-data/blob/hipster.txt;../fake-data/blob/hipster.txt;../fake-data/blob/hipster.txt;2025-12-27T12:39:41;scarper fervently meh
72ced692-01ac-4550-a7e8-b0ad1e4fd58c;worthless bore;dwell;pish why ah;../fake-data/blob/hipster.txt;../fake-data/blob/hipster.txt;../fake-data/blob/hipster.txt;2025-12-27T14:13:30;indeed
0d9ac79c-b089-45ab-83ca-46ca8fcf4939;character quizzically of;ack;if;../fake-data/blob/hipster.txt;../fake-data/blob/hipster.txt;../fake-data/blob/hipster.txt;2025-12-27T05:28:44;woot
